{"v":"5.7.4","fr":24,"ip":0,"op":144,"w":1200,"h":900,"nm":"Comp 3","ddd":0,"assets":[],"layers":[{"ddd":0,"ind":1,"ty":4,"nm":"line-1/outline-animation Outlines","sr":1,"ks":{"o":{"a":0,"k":100,"ix":11},"r":{"a":0,"k":1,"ix":10},"p":{"a":0,"k":[641,659,0],"ix":2,"l":2},"a":{"a":0,"k":[105,56,0],"ix":1,"l":2},"s":{"a":0,"k":[100,100,100],"ix":6,"l":2}},"ao":0,"shapes":[{"ty":"gr","it":[{"ind":0,"ty":"sh","ix":1,"ks":{"a":0,"k":{"i":[[0,0],[6.558,4.862],[17.472,1.345],[0,0],[-1.045,-4.558],[-5.655,-5.297],[7.272,-2.448],[3.68,0.356],[0.815,-3.644],[-3.809,-4.939],[-8.877,-5.716],[-10.825,-4.285],[-11.334,-0.6],[-3.073,-0.525],[-6.952,2.948],[2.8,-9.225],[-12.898,19.936],[-2.639,0.38],[-5.875,-2.283],[1.408,-4.321],[-5.664,-5.652],[-4.525,2.269],[1.987,5.45],[0,0],[-3.701,-1.12],[-22.525,0.631]],"o":[[0,0],[-6.56,-4.864],[-17.471,-1.346],[0,0],[1.045,4.559],[0,0],[-7.272,2.45],[-3.68,-0.355],[-0.815,3.643],[3.809,4.941],[8.878,5.715],[10.825,4.285],[11.333,0.6],[3.074,0.525],[6.952,-2.948],[-2.8,9.223],[0,0],[2.641,-0.38],[5.876,2.282],[-1.408,4.321],[5.664,5.652],[4.523,-2.267],[-1.989,-5.449],[0,0],[3.702,1.119],[0,0]],"v":[[24.337,-8.57],[-11.03,-26.388],[-42.259,-43.864],[-79.15,-50.63],[-82.308,-48.706],[-45.066,-29.514],[-70.738,-28.795],[-93.597,-25.909],[-101.452,-27.933],[-93.249,-13.532],[-85.149,-2.748],[-62.475,9.615],[-22.556,15.225],[3.609,21.22],[16.137,9.858],[27.754,20.574],[17.79,3.389],[27.694,-6.982],[40.837,-3.68],[44.09,3.263],[32.987,43.641],[54.298,50.995],[64.015,4.845],[49.088,-3.912],[49.53,0.97],[102.267,4.975]],"c":false},"ix":2},"nm":"Path 1","mn":"ADBE Vector Shape - Group","hd":false},{"ty":"st","c":{"a":0,"k":[0.495607293821,0.454941065171,0.410376305674,1],"ix":3},"o":{"a":0,"k":100,"ix":4},"w":{"a":0,"k":1,"ix":5},"lc":1,"lj":1,"ml":10,"bm":0,"nm":"Stroke 1","mn":"ADBE Vector Graphic - Stroke","hd":false},{"ty":"tr","p":{"a":0,"k":[104.767,55.764],"ix":2},"a":{"a":0,"k":[0,0],"ix":1},"s":{"a":0,"k":[100,100],"ix":3},"r":{"a":0,"k":0,"ix":6},"o":{"a":0,"k":100,"ix":7},"sk":{"a":0,"k":0,"ix":4},"sa":{"a":0,"k":0,"ix":5},"nm":"Transform"}],"nm":"Group 1","np":2,"cix":2,"bm":0,"ix":1,"mn":"ADBE Vector Group","hd":false},{"ty":"tm","s":{"a":1,"k":[{"i":{"x":[0.833],"y":[0.833]},"o":{"x":[0.333],"y":[0]},"t":69,"s":[100]},{"i":{"x":[0.667],"y":[1]},"o":{"x":[0.167],"y":[0.167]},"t":124,"s":[42]},{"t":143,"s":[0]}],"ix":1},"e":{"a":0,"k":100,"ix":2},"o":{"a":0,"k":0,"ix":3},"m":1,"ix":2,"nm":"Trim Paths 1","mn":"ADBE Vector Filter - Trim","hd":false}],"ip":69,"op":145,"st":69,"bm":0},{"ddd":0,"ind":2,"ty":4,"nm":"Layer 7/outline-animation Outlines","sr":1,"ks":{"o":{"a":0,"k":100,"ix":11},"r":{"a":0,"k":0,"ix":10},"p":{"a":0,"k":[470,592,0],"ix":2,"l":2},"a":{"a":0,"k":[172,231.5,0],"ix":1,"l":2},"s":{"a":0,"k":[100,100,100],"ix":6,"l":2}},"ao":0,"shapes":[{"ty":"gr","it":[{"ind":0,"ty":"sh","ix":1,"ks":{"a":0,"k":{"i":[[0,0],[-6.879,2.064],[-2.064,-2.064],[0,-2.064],[0.688,-4.815],[0,0],[-18.803,-59.402],[0,0],[26.828,37.835],[6.441,11.509],[4.297,-0.37],[1.137,3.696],[11.695,3.44],[15.822,0.688],[-5.419,10.368],[0,0],[0,0],[-22.013,-39.211],[-15.133,-31.642],[0,0],[0,0],[3.44,17.886],[8.943,28.203],[-10.318,-9.477],[1.43,-6.878],[-4.76,-13.758],[-1.376,-44.026],[-11.006,-49.528],[0,0],[6.191,-4.816],[5.503,23.388],[11.007,36.459],[0,0],[-7.337,-12.383],[-9.63,-24.764],[-29.809,0.458],[-0.458,4.127],[-1.884,5.962],[0,0]],"o":[[-15.822,-34.395],[6.879,-2.063],[2.064,2.064],[0,2.064],[-0.688,4.815],[0,0],[23.865,75.392],[-7.387,-4.355],[-9.552,-13.47],[-2.107,-3.764],[-8.014,0.69],[-2.752,-8.943],[-11.694,-3.439],[-15.822,-0.688],[5.419,-10.367],[9.631,-16.509],[11.695,30.267],[22.012,39.21],[15.134,31.644],[-2.752,-18.573],[0,0],[-3.439,-17.885],[-8.942,-28.204],[10.318,9.476],[-1.431,6.879],[4.76,13.758],[1.376,44.025],[11.007,49.529],[0,0],[-6.191,4.815],[-5.503,-23.389],[-11.006,-36.459],[0,0],[7.338,12.382],[9.63,24.764],[29.809,-0.459],[0.459,-4.128],[1.884,-5.962],[0,0]],"v":[[-1.328,-76.701],[-18.526,-185.389],[-7.52,-182.637],[-4.08,-159.936],[-13.023,-159.936],[0.201,-150.076],[13.805,-79.974],[17.932,-12.038],[-46.729,-115.911],[-75.281,-162.814],[-85.786,-168.448],[-94.194,-181.261],[-105.889,-195.707],[-149.227,-176.446],[-163.672,-176.446],[-103.138,-212.217],[-90.755,-225.974],[-46.042,-165.439],[10.365,-39.555],[28.251,-14.79],[31.003,-41.618],[24.811,-99.401],[8.99,-151.681],[6.238,-171.784],[35.076,-144.115],[35.076,-95.962],[39.258,-42.305],[57.142,87.707],[94.977,184.7],[81.219,216.344],[69.525,205.338],[44.76,128.293],[35.129,59.503],[40.404,62.255],[68.378,153.516],[100.022,195.707],[157.168,192.497],[160.787,164.064],[169.091,135.631]],"c":false},"ix":2},"nm":"Path 1","mn":"ADBE Vector Shape - Group","hd":false},{"ty":"st","c":{"a":0,"k":[0.495607293821,0.454941065171,0.410376305674,1],"ix":3},"o":{"a":0,"k":100,"ix":4},"w":{"a":0,"k":1,"ix":5},"lc":1,"lj":1,"ml":10,"bm":0,"nm":"Stroke 1","mn":"ADBE Vector Graphic - Stroke","hd":false},{"ty":"tr","p":{"a":0,"k":[171.591,231.226],"ix":2},"a":{"a":0,"k":[0,0],"ix":1},"s":{"a":0,"k":[100,100],"ix":3},"r":{"a":0,"k":0,"ix":6},"o":{"a":0,"k":100,"ix":7},"sk":{"a":0,"k":0,"ix":4},"sa":{"a":0,"k":0,"ix":5},"nm":"Transform"}],"nm":"Group 1","np":2,"cix":2,"bm":0,"ix":1,"mn":"ADBE Vector Group","hd":false},{"ty":"tm","s":{"a":0,"k":0,"ix":1},"e":{"a":1,"k":[{"i":{"x":[0.667],"y":[1]},"o":{"x":[0.333],"y":[0]},"t":29,"s":[0]},{"t":119,"s":[100]}],"ix":2},"o":{"a":0,"k":0,"ix":3},"m":1,"ix":2,"nm":"Trim Paths 1","mn":"ADBE Vector Filter - Trim","hd":false}],"ip":29,"op":145,"st":29,"bm":0},{"ddd":0,"ind":3,"ty":4,"nm":"line-3/outline-animation Outlines","sr":1,"ks":{"o":{"a":0,"k":100,"ix":11},"r":{"a":0,"k":0,"ix":10},"p":{"a":0,"k":[776,405,0],"ix":2,"l":2},"a":{"a":0,"k":[74.5,121,0],"ix":1,"l":2},"s":{"a":0,"k":[100,100,100],"ix":6,"l":2}},"ao":0,"shapes":[{"ty":"gr","it":[{"ind":0,"ty":"sh","ix":1,"ks":{"a":0,"k":{"i":[[0,0],[-19.489,73.951],[19.348,-29.905],[18.393,17.836],[16.302,8.719],[32.154,-22.764]],"o":[[0,0],[19.489,-73.952],[-19.348,29.904],[-18.392,-17.835],[-16.3,-8.718],[0,0]],"v":[[-71.562,118.467],[4.894,-8.432],[11.076,15.71],[53.169,-53.829],[7.381,-105.152],[-66.892,-95.703]],"c":false},"ix":2},"nm":"Path 1","mn":"ADBE Vector Shape - Group","hd":false},{"ty":"st","c":{"a":0,"k":[0.495607293821,0.454941065171,0.410376305674,1],"ix":3},"o":{"a":0,"k":100,"ix":4},"w":{"a":0,"k":1,"ix":5},"lc":1,"lj":1,"ml":10,"bm":0,"nm":"Stroke 1","mn":"ADBE Vector Graphic - Stroke","hd":false},{"ty":"tr","p":{"a":0,"k":[74.062,120.967],"ix":2},"a":{"a":0,"k":[0,0],"ix":1},"s":{"a":0,"k":[100,100],"ix":3},"r":{"a":0,"k":0,"ix":6},"o":{"a":0,"k":100,"ix":7},"sk":{"a":0,"k":0,"ix":4},"sa":{"a":0,"k":0,"ix":5},"nm":"Transform"}],"nm":"Group 1","np":2,"cix":2,"bm":0,"ix":1,"mn":"ADBE Vector Group","hd":false},{"ty":"tm","s":{"a":0,"k":0,"ix":1},"e":{"a":1,"k":[{"i":{"x":[0.833],"y":[0.833]},"o":{"x":[0.167],"y":[0.167]},"t":78,"s":[0]},{"t":144,"s":[100]}],"ix":2},"o":{"a":0,"k":0,"ix":3},"m":1,"ix":2,"nm":"Trim Paths 1","mn":"ADBE Vector Filter - Trim","hd":false}],"ip":78,"op":145,"st":78,"bm":0},{"ddd":0,"ind":4,"ty":4,"nm":"line-4/outline-animation Outlines","sr":1,"ks":{"o":{"a":0,"k":100,"ix":11},"r":{"a":0,"k":0,"ix":10},"p":{"a":0,"k":[698,463.99999999999994,0],"ix":2,"l":2},"a":{"a":0,"k":[67.5,152,0],"ix":1,"l":2},"s":{"a":0,"k":[100,100,100],"ix":6,"l":2}},"ao":0,"shapes":[{"ty":"gr","it":[{"ind":0,"ty":"sh","ix":1,"ks":{"a":0,"k":{"i":[[0,0],[-36.036,33.396],[-2.73,11.699],[10.778,32.393],[-0.246,2.148],[-0.248,-8.557],[1.714,-37.057],[-8.914,31.141],[5.51,0.151],[8.815,8.929],[0.172,6.112],[0.086,3.056],[-2.376,2.513],[-0.423,6.741],[0,0]],"o":[[9,-24.824],[23.313,-21.607],[2.731,-11.699],[-16.031,-48.181],[0.245,-2.148],[0.192,6.658],[-1.714,37.056],[8.914,-31.141],[-5.51,-0.152],[-8.814,-8.928],[-0.171,-6.113],[-0.086,-3.055],[2.377,-2.514],[0.423,-6.74],[0,0]],"v":[[-42.452,149.114],[-28.602,64.295],[17.778,-23.226],[39.419,-80.414],[32.643,-144.392],[2.765,-140.557],[62.924,-60.275],[36.369,7.144],[23.668,-31.343],[-10.418,-36.199],[-11.292,-67.37],[-18.375,-80.018],[-8.982,-94.044],[-7.297,-110.302],[-1.719,-133.856]],"c":false},"ix":2},"nm":"Path 1","mn":"ADBE Vector Shape - Group","hd":false},{"ty":"st","c":{"a":0,"k":[0.495607293821,0.454941065171,0.410376305674,1],"ix":3},"o":{"a":0,"k":100,"ix":4},"w":{"a":0,"k":1,"ix":5},"lc":1,"lj":1,"ml":10,"bm":0,"nm":"Stroke 1","mn":"ADBE Vector Graphic - Stroke","hd":false},{"ty":"tr","p":{"a":0,"k":[67.137,151.615],"ix":2},"a":{"a":0,"k":[0,0],"ix":1},"s":{"a":0,"k":[100,100],"ix":3},"r":{"a":0,"k":0,"ix":6},"o":{"a":0,"k":100,"ix":7},"sk":{"a":0,"k":0,"ix":4},"sa":{"a":0,"k":0,"ix":5},"nm":"Transform"}],"nm":"Group 1","np":2,"cix":2,"bm":0,"ix":1,"mn":"ADBE Vector Group","hd":false},{"ty":"tm","s":{"a":0,"k":0,"ix":1},"e":{"a":1,"k":[{"i":{"x":[0.667],"y":[1]},"o":{"x":[0.333],"y":[0]},"t":85,"s":[0]},{"t":141,"s":[100]}],"ix":2},"o":{"a":0,"k":0,"ix":3},"m":1,"ix":2,"nm":"Trim Paths 1","mn":"ADBE Vector Filter - Trim","hd":false}],"ip":85,"op":145,"st":85,"bm":0},{"ddd":0,"ind":5,"ty":4,"nm":"Layer 8/outline-animation Outlines","sr":1,"ks":{"o":{"a":0,"k":100,"ix":11},"r":{"a":0,"k":0,"ix":10},"p":{"a":0,"k":[462,370,0],"ix":2,"l":2},"a":{"a":0,"k":[82.5,173.5,0],"ix":1,"l":2},"s":{"a":0,"k":[100,100,100],"ix":6,"l":2}},"ao":0,"shapes":[{"ty":"gr","it":[{"ind":0,"ty":"sh","ix":1,"ks":{"a":0,"k":{"i":[[0,0],[7.949,4.28],[11.924,27.822],[4.892,0.611],[-0.917,14.675],[0,0],[0,0],[-14.064,16.204],[0,0],[-25.682,-5.808],[6.726,6.42],[3.669,-20.79],[1.529,-8.561],[6.115,-0.612],[1.443,5.502],[8.866,-13.146],[-4.892,-11.006],[-4.585,-18.65],[-21.095,-4.28],[-0.611,1.834],[-2.446,3.975],[-0.612,1.834],[-2.446,2.446],[-1.529,2.14],[1.223,12.229],[-3.057,10.089],[0,13.758],[-1.376,-4.815],[0,0],[-0.885,17.885],[33.707,0.688],[20.637,-13.07],[0,0],[0,0],[1.376,-6.191],[-2.064,-5.503],[-2.752,-6.191],[3.084,-5.147],[-0.212,0.219],[0,0],[15.821,34.395]],"o":[[-29.35,-28.127],[-7.948,-4.281],[-11.923,-27.822],[-4.891,-0.612],[0.918,-14.675],[0,0],[0,0],[14.063,-16.204],[-1.529,-3.363],[25.681,5.81],[-6.726,-6.421],[-3.668,20.79],[-1.529,8.56],[-6.115,0.611],[-1.444,-5.504],[-8.866,13.147],[4.891,11.007],[4.586,18.649],[21.096,4.28],[0.612,-1.834],[2.446,-3.974],[0.611,-1.834],[2.445,-2.446],[1.528,-2.14],[-1.223,-12.23],[3.057,-10.089],[0,-13.758],[1.375,4.816],[4.128,-4.816],[0.885,-17.885],[-33.707,-0.687],[-20.637,13.07],[5.503,-4.815],[-6.879,20.637],[-1.375,6.191],[2.063,5.503],[2.258,5.082],[-0.156,0.262],[9.015,-9.308],[-2.064,62.598],[0,0]],"v":[[39.854,58.63],[-14.262,16.331],[-35.968,-29.504],[-62.262,-56.101],[-64.708,-72.611],[-64.096,-105.63],[-68.375,-105.63],[-57.674,-130.09],[-3.255,-139.262],[18.453,-142.013],[45.357,-116.942],[9.891,-110.216],[-11.203,-81.478],[-25.573,-71.388],[-31.603,-89.121],[-49.114,-93.401],[-43.305,-61.911],[-28.02,-43.872],[12.337,8.407],[32.821,-8.713],[39.854,-21.861],[47.191,-27.057],[49.638,-32.255],[59.727,-31.643],[56.668,-51.822],[57.28,-75.974],[54.834,-96.994],[70.657,-114.192],[73.407,-101.121],[79.108,-123.822],[3.243,-169.911],[-57.293,-147.21],[-79.305,-100.434],[-72.426,-106.624],[-68.987,-46.09],[-77.929,-25.452],[-25.65,19.261],[-34.875,44.303],[-34.46,44.61],[-23.585,24.764],[2.555,136.203]],"c":false},"ix":2},"nm":"Path 1","mn":"ADBE Vector Shape - Group","hd":false},{"ty":"st","c":{"a":0,"k":[0.495607293821,0.454941065171,0.410376305674,1],"ix":3},"o":{"a":0,"k":100,"ix":4},"w":{"a":0,"k":1,"ix":5},"lc":1,"lj":1,"ml":10,"bm":0,"nm":"Stroke 1","mn":"ADBE Vector Graphic - Stroke","hd":false},{"ty":"tr","p":{"a":0,"k":[82.493,173.099],"ix":2},"a":{"a":0,"k":[0,0],"ix":1},"s":{"a":0,"k":[100,100],"ix":3},"r":{"a":0,"k":0,"ix":6},"o":{"a":0,"k":100,"ix":7},"sk":{"a":0,"k":0,"ix":4},"sa":{"a":0,"k":0,"ix":5},"nm":"Transform"}],"nm":"Group 1","np":2,"cix":2,"bm":0,"ix":1,"mn":"ADBE Vector Group","hd":false},{"ty":"tm","s":{"a":0,"k":0,"ix":1},"e":{"a":1,"k":[{"i":{"x":[0.833],"y":[0.833]},"o":{"x":[0.167],"y":[0.167]},"t":64,"s":[0]},{"t":120,"s":[100]}],"ix":2},"o":{"a":0,"k":0,"ix":3},"m":1,"ix":2,"nm":"Trim Paths 1","mn":"ADBE Vector Filter - Trim","hd":false}],"ip":64,"op":145,"st":64,"bm":0},{"ddd":0,"ind":6,"ty":4,"nm":"line-2/outline-animation Outlines","sr":1,"ks":{"o":{"a":0,"k":100,"ix":11},"r":{"a":0,"k":0,"ix":10},"p":{"a":0,"k":[897.0000000000001,623,0],"ix":2,"l":2},"a":{"a":0,"k":[262.5,257,0],"ix":1,"l":2},"s":{"a":0,"k":[100,100,100],"ix":6,"l":2}},"ao":0,"shapes":[{"ty":"gr","it":[{"ind":0,"ty":"sh","ix":1,"ks":{"a":0,"k":{"i":[[0,0],[-4.023,3.783],[-10.594,-1.538],[3.372,-108.825],[-13.294,0.372],[-1.34,33.987],[-7.844,-1.615],[5.463,-17.872],[-2.035,9.234],[-1.577,9.22],[-4.751,-5.831],[-1.259,-44.924],[-59.601,1.455],[18.594,57.744],[33.52,17.411],[52.709,63.669],[-5.874,-13.14],[31.275,2.793],[8.196,30.509],[3.8,70.086],[38.46,-35.487],[-32.432,-44.05],[-39.493,-17.703],[-4.343,-7.678],[30.881,152.366],[5.3,58.116],[37.087,-44.644],[-43.912,-47.399],[-18.2,-10.959],[-12.172,-16.863],[-56.463,-1.17],[-46.35,6.449]],"o":[[0,0],[0,0],[0,0],[0,0],[13.294,-0.373],[1.341,-33.988],[7.845,1.614],[-5.464,17.872],[2.035,-9.232],[1.576,-9.219],[4.751,5.83],[1.259,44.926],[59.599,-1.455],[-18.592,-57.744],[-33.521,-17.411],[-52.71,-63.669],[0,0],[-31.275,-2.794],[-8.196,-30.508],[0,0],[-38.46,35.487],[32.432,44.051],[39.492,17.703],[4.345,7.678],[-30.88,-152.367],[-5.3,-58.117],[-55.722,67.076],[43.912,47.4],[0,0],[12.171,16.863],[56.463,1.17],[0,0]],"v":[[-257.018,90.251],[-251.163,80.452],[-238.329,80.093],[-259.967,208.24],[-243.324,212.82],[-234.116,115.76],[-227.655,84.382],[-220.088,223.353],[-252.35,218.119],[-238.259,98.9],[-215.454,94.133],[-200.296,209.319],[-82.296,225.816],[-31.574,169.557],[-75.872,78.584],[-169.484,12.392],[-187.337,13.81],[-206.728,25.823],[-230.325,-30.404],[-177.908,-157.12],[-220.137,-76.109],[-186.215,-27.971],[-78.931,67.659],[-37.577,102.743],[-23.617,11.514],[-62.929,-196.128],[-139.681,-122.407],[-160.798,-29.601],[-83.499,35.673],[-31.772,75.392],[35.509,148.637],[259.967,139.343]],"c":false},"ix":2},"nm":"Path 1","mn":"ADBE Vector Shape - Group","hd":false},{"ty":"st","c":{"a":0,"k":[0.495607293821,0.454941065171,0.410376305674,1],"ix":3},"o":{"a":0,"k":100,"ix":4},"w":{"a":0,"k":1,"ix":5},"lc":1,"lj":1,"ml":10,"bm":0,"nm":"Stroke 1","mn":"ADBE Vector Graphic - Stroke","hd":false},{"ty":"tr","p":{"a":0,"k":[262.467,256.745],"ix":2},"a":{"a":0,"k":[0,0],"ix":1},"s":{"a":0,"k":[100,100],"ix":3},"r":{"a":0,"k":0,"ix":6},"o":{"a":0,"k":100,"ix":7},"sk":{"a":0,"k":0,"ix":4},"sa":{"a":0,"k":0,"ix":5},"nm":"Transform"}],"nm":"Group 1","np":2,"cix":2,"bm":0,"ix":1,"mn":"ADBE Vector Group","hd":false},{"ty":"tm","s":{"a":1,"k":[{"i":{"x":[0.833],"y":[0.833]},"o":{"x":[0.167],"y":[0.167]},"t":25,"s":[100]},{"i":{"x":[0.833],"y":[0.833]},"o":{"x":[0.167],"y":[0.167]},"t":59,"s":[67.195]},{"i":{"x":[0.833],"y":[0.833]},"o":{"x":[0.167],"y":[0.167]},"t":102,"s":[36.479]},{"t":121,"s":[0]}],"ix":1},"e":{"a":0,"k":100,"ix":2},"o":{"a":0,"k":0,"ix":3},"m":1,"ix":2,"nm":"Trim Paths 1","mn":"ADBE Vector Filter - Trim","hd":false}],"ip":25,"op":145,"st":25,"bm":0},{"ddd":0,"ind":7,"ty":4,"nm":"line-5/outline-animation Outlines","sr":1,"ks":{"o":{"a":0,"k":100,"ix":11},"r":{"a":0,"k":0,"ix":10},"p":{"a":0,"k":[321,646.5,0],"ix":2,"l":2},"a":{"a":0,"k":[290,231,0],"ix":1,"l":2},"s":{"a":0,"k":[100,100,100],"ix":6,"l":2}},"ao":0,"shapes":[{"ty":"gr","it":[{"ind":0,"ty":"sh","ix":1,"ks":{"a":0,"k":{"i":[[0,0],[-9.63,8.254],[2.752,11.007],[3.439,20.638],[3.439,35.937],[-15.134,4.815],[-16.51,-58.472],[-6.192,-41.273],[18.573,-21.325],[-30.267,-1.682],[-12.383,2.752],[-5.504,1.376],[-8.943,7.566],[-8.255,2.752],[5.503,-13.069],[-11.006,-3.439],[-3.44,-8.255],[0,0],[13.07,3.44],[-10.319,10.319],[-2.751,2.063],[3.44,-10.318],[2.063,-2.064],[11.694,-10.624],[16.509,0.688],[0,0],[2.751,-2.064],[2.064,-15.133],[0,0],[35.082,-10.319],[17.198,0.688],[2.751,-14.445],[5.504,-19.262],[-3.439,-6.192],[-59.16,-6.879],[-1.375,8.255],[6.191,50.215],[2.752,9.631],[-4.815,6.879],[4.815,29.579],[0,0]],"o":[[0,0],[9.631,-8.255],[-2.752,-11.006],[-3.44,-20.636],[-3.44,-35.936],[15.133,-4.815],[16.509,58.471],[6.19,41.275],[-18.573,21.324],[30.268,1.682],[12.382,-2.751],[5.503,-1.376],[8.943,-7.567],[8.255,-2.751],[-5.503,13.071],[11.007,3.439],[3.439,8.255],[0,0],[0,0],[10.319,-10.318],[2.752,-2.064],[-3.439,10.318],[-2.064,2.064],[-11.694,10.625],[-16.51,-0.688],[0,0],[-2.752,2.064],[-2.064,15.134],[0,0],[-35.083,10.318],[-17.197,-0.688],[-2.752,14.446],[-5.503,19.261],[3.44,6.191],[59.159,6.879],[1.376,-8.255],[-6.191,-50.217],[-2.752,-9.631],[4.815,-6.879],[-4.815,-29.58],[0,0]],"v":[[-287.43,133.019],[-38.755,136.147],[-14.557,53.656],[-35.194,1.375],[-47.576,-133.287],[-18.684,-223.567],[45.29,-166.471],[55.609,-72.918],[16.398,-30.267],[70.054,-38.141],[114.08,-47.465],[162.233,-57.784],[187.685,-73.605],[233.086,-118.319],[228.959,-92.867],[231.022,-72.229],[248.908,-86.675],[248.908,-68.79],[235.15,-68.79],[259.914,-72.918],[279.175,-83.923],[283.99,-74.981],[277.112,-55.72],[247.532,-38.141],[200.067,-35.083],[178.054,-28.892],[167.736,-52.28],[172.551,1.375],[163.609,15.133],[129.214,19.949],[8.831,46.777],[-8.366,57.095],[-17.997,145.147],[-23.5,189.86],[53.545,221.503],[156.729,202.93],[180.806,66.039],[179.43,6.191],[179.43,-12.382],[178.742,-55.032],[177.366,-84.612]],"c":false},"ix":2},"nm":"Path 1","mn":"ADBE Vector Shape - Group","hd":false},{"ty":"st","c":{"a":0,"k":[0.495607293821,0.454941065171,0.410376305674,1],"ix":3},"o":{"a":0,"k":100,"ix":4},"w":{"a":0,"k":1,"ix":5},"lc":1,"lj":1,"ml":10,"bm":0,"nm":"Stroke 1","mn":"ADBE Vector Graphic - Stroke","hd":false},{"ty":"tr","p":{"a":0,"k":[289.93,230.882],"ix":2},"a":{"a":0,"k":[0,0],"ix":1},"s":{"a":0,"k":[100,100],"ix":3},"r":{"a":0,"k":0,"ix":6},"o":{"a":0,"k":100,"ix":7},"sk":{"a":0,"k":0,"ix":4},"sa":{"a":0,"k":0,"ix":5},"nm":"Transform"}],"nm":"Group 1","np":2,"cix":2,"bm":0,"ix":1,"mn":"ADBE Vector Group","hd":false},{"ty":"tm","s":{"a":0,"k":0,"ix":1},"e":{"a":1,"k":[{"i":{"x":[0.667],"y":[0.743]},"o":{"x":[0.333],"y":[0]},"t":0,"s":[0]},{"i":{"x":[0.667],"y":[0.467]},"o":{"x":[0.333],"y":[0.597]},"t":18,"s":[47.2]},{"i":{"x":[0.667],"y":[1]},"o":{"x":[0.333],"y":[0.99]},"t":55,"s":[89.031]},{"t":73,"s":[100]}],"ix":2},"o":{"a":0,"k":0,"ix":3},"m":1,"ix":2,"nm":"Trim Paths 1","mn":"ADBE Vector Filter - Trim","hd":false}],"ip":0,"op":145,"st":0,"bm":0}],"markers":[]}